{
  "n_seeds": 5,
  "seeds": [
    42,
    123,
    456,
    789,
    1024
  ],
  "aggregate": {
    "mean": {
      "accuracy": 0.9518987341772153,
      "balanced_acc": 0.9499651567944252,
      "F1_macro": 0.9478162389449976,
      "F1_weighted": 0.9518087924505402,
      "precision": 0.948038777759708,
      "recall": 0.9499651567944252,
      "AUC_macro": 0.9855454623292268,
      "AUC_weighted": 0.983778362024067,
      "ECE": 0.057836601854879634,
      "MCE": 0.5322326779365539,
      "MI_mean": 0.04254829250276089,
      "spearman_rho": 0.2568565111957694
    },
    "std": {
      "accuracy": 0.032420882214849865,
      "balanced_acc": 0.03581889065130648,
      "F1_macro": 0.03835333800100198,
      "F1_weighted": 0.032296170958185266,
      "precision": 0.0400465036872143,
      "recall": 0.03581889065130648,
      "AUC_macro": 0.012510959604720488,
      "AUC_weighted": 0.013289949969240229,
      "ECE": 0.015875629779615118,
      "MCE": 0.07993985399474163,
      "MI_mean": 0.02607972651757046,
      "spearman_rho": 0.015296772339968612
    },
    "ci95": {
      "accuracy": 0.02841815623698395,
      "balanced_acc": 0.031396641954981576,
      "F1_macro": 0.0336181830062324,
      "F1_weighted": 0.028308842000779055,
      "precision": 0.035102308166276394,
      "recall": 0.031396641954981576,
      "AUC_macro": 0.010966339606844292,
      "AUC_weighted": 0.011649154767126616,
      "ECE": 0.013915603050153047,
      "MCE": 0.07007037147631094,
      "MI_mean": 0.022859888200533432,
      "spearman_rho": 0.013408212133095268
    }
  },
  "per_seed_accuracy": [
    0.9113924050632911,
    0.9746835443037974,
    1.0,
    0.9493670886075949,
    0.9240506329113924
  ],
  "per_seed_ECE": [
    0.06279801115205011,
    0.083439610426939,
    0.04181536390811583,
    0.040133895753305185,
    0.06099612803398804
  ],
  "per_seed_AUC": [
    0.9695547140364583,
    0.9984439218562907,
    1.0,
    0.9864621501146459,
    0.9732665256387386
  ],
  "baselines": {
    "Random Forest": {
      "accuracy": 0.8987341772151899,
      "F1_macro": 0.886468433527257,
      "AUC_macro": 0.9813523956586412
    },
    "SVM (RBF)": {
      "accuracy": 0.9113924050632911,
      "F1_macro": 0.8971248876909255,
      "AUC_macro": 0.9736236370978597
    },
    "Logistic Reg.": {
      "accuracy": 0.9113924050632911,
      "F1_macro": 0.8971248876909255,
      "AUC_macro": 0.985952759552594
    }
  },
  "ablation": {
    "Full HOBIT": {
      "accuracy": 0.9518987341772153,
      "accuracy_std": 0.024545214467930777,
      "F1_macro": 0.9504811364482759,
      "F1_macro_std": 0.032864440416000354,
      "AUC_macro": 0.9860724243186512,
      "AUC_macro_std": 0.014179015839726587,
      "ECE": 0.05909187914449956,
      "ECE_std": 0.010191962587841235
    },
    "w/o Optimal Transport": {
      "accuracy": 0.9518987341772153,
      "accuracy_std": 0.028191211963696297,
      "F1_macro": 0.9504068997700795,
      "F1_macro_std": 0.03462923165523462,
      "AUC_macro": 0.9878842902903194,
      "AUC_macro_std": 0.011082294657128745,
      "ECE": 0.054474620577655265,
      "ECE_std": 0.015204341561510524
    },
    "w/o miRNA": {
      "accuracy": 0.959493670886076,
      "accuracy_std": 0.027030577853243812,
      "F1_macro": 0.958720985336811,
      "F1_macro_std": 0.03154986581831459,
      "AUC_macro": 0.986088092582943,
      "AUC_macro_std": 0.012779930718412696,
      "ECE": 0.05872625104988678,
      "ECE_std": 0.019670300656851013
    },
    "mRNA only": {
      "accuracy": 0.9569620253164557,
      "accuracy_std": 0.026064886432878475,
      "F1_macro": 0.9566819517873455,
      "F1_macro_std": 0.030420215445517373,
      "AUC_macro": 0.9850532153476449,
      "AUC_macro_std": 0.014124403701314505,
      "ECE": 0.05390480749214752,
      "ECE_std": 0.01949415493374071
    }
  },
  "ot_used": true,
  "mc_samples": 50,
  "n_bins_ece": 15,
  "n_classes": 3,
  "class_names": [
    "KIRC",
    "KIRP",
    "KICH"
  ]
}