{
  "n_seeds": 5,
  "seeds": [
    42,
    123,
    456,
    789,
    1024
  ],
  "aggregate": {
    "mean": {
      "accuracy": 0.8984615384615384,
      "balanced_acc": 0.9173593073593075,
      "F1_macro": 0.9052265556751713,
      "F1_weighted": 0.8979244088658442,
      "precision": 0.8988906172516854,
      "recall": 0.9173593073593075,
      "AUC_macro": 0.9772916432080366,
      "AUC_weighted": 0.9710919807575544,
      "ECE": 0.08766688053424543,
      "MCE": 0.49762589534123747,
      "MI_mean": 0.021330340206623076,
      "spearman_rho": 0.32443177778582044
    },
    "std": {
      "accuracy": 0.03313947573621234,
      "balanced_acc": 0.02734491922615365,
      "F1_macro": 0.03664636822433422,
      "F1_weighted": 0.03290847385236692,
      "precision": 0.04323381654293757,
      "recall": 0.02734491922615365,
      "AUC_macro": 0.012041330332454026,
      "AUC_weighted": 0.013069991528859947,
      "ECE": 0.012267914420181925,
      "MCE": 0.03990322334649347,
      "MI_mean": 0.0009358392389033291,
      "spearman_rho": 0.07048906673718419
    },
    "ci95": {
      "accuracy": 0.02904803123007127,
      "balanced_acc": 0.023968878505736837,
      "F1_macro": 0.032121958027415035,
      "F1_weighted": 0.02884554915130939,
      "precision": 0.03789611106497124,
      "recall": 0.023968878505736837,
      "AUC_macro": 0.010554691399855758,
      "AUC_weighted": 0.01145635269335988,
      "ECE": 0.010753301109585266,
      "MCE": 0.03497671741025348,
      "MI_mean": 0.0008202992604462077,
      "spearman_rho": 0.06178639119878635
    }
  },
  "per_seed_accuracy": [
    0.8461538461538461,
    0.9230769230769231,
    0.8769230769230769,
    0.9384615384615385,
    0.9076923076923077
  ],
  "per_seed_ECE": [
    0.07860114482732919,
    0.09837922545579764,
    0.08065150655232942,
    0.07466784119606021,
    0.10603468463971066
  ],
  "per_seed_AUC": [
    0.971047619047619,
    0.9841904761904762,
    0.9564582160401832,
    0.988,
    0.9867619047619047
  ],
  "baselines": {
    "Random Forest": {
      "accuracy": 0.8461538461538461,
      "F1_macro": 0.8344083452779105,
      "AUC_macro": 0.9820238095238095
    },
    "SVM (RBF)": {
      "accuracy": 0.8307692307692308,
      "F1_macro": 0.7986856001323307,
      "AUC_macro": 0.9748571428571429
    },
    "Logistic Reg.": {
      "accuracy": 0.8615384615384616,
      "F1_macro": 0.8907236522583778,
      "AUC_macro": 0.9779047619047618
    }
  },
  "ablation": {
    "Full HOBIT": {
      "accuracy": 0.8461538461538461,
      "F1_macro": 0.8562801932367149,
      "AUC_macro": 0.9691904761904762,
      "ECE": 0.10982820162406334
    },
    "w/o Optimal Transport": {
      "accuracy": 0.7538461538461538,
      "F1_macro": 0.7651960784313726,
      "AUC_macro": 0.9506190476190477,
      "ECE": 0.17248209439791162
    },
    "w/o miRNA": {
      "accuracy": 0.8,
      "F1_macro": 0.8282828282828283,
      "AUC_macro": 0.9617619047619047,
      "ECE": 0.11974653647496149
    },
    "mRNA only": {
      "accuracy": 0.8769230769230769,
      "F1_macro": 0.8801932367149758,
      "AUC_macro": 0.9748095238095238,
      "ECE": 0.0843253905956562
    }
  },
  "ot_used": true,
  "mc_samples": 50,
  "n_bins_ece": 15
}